-- CATEGORIA
insert into categoria (nome_categoria) values ('Menino');
insert into categoria (nome_categoria) values ('Menina');
insert into categoria (nome_categoria) values ('Acessório');

-- FORNECEDOR
insert into fornecedor (nome_fornecedor) values ('Dollbaby');

-- PRODUTO
insert into produto (nome, preco, marca, sexo, dimensao, material, peso, conteudo_produto, cod_fornecedor, cod_categoria)
values ('Bebe Reborn Emilly', 619.00, 'Pimpolhos', 'menina', '60x30 cm','silicone', 1.599, 'Acompanha: Um bebe reborn + Roupas igual da foto + Chupeta Magnética + Mamadeira + Certidão de Nascimento', 1, 2);
insert into produto (nome, preco, marca, sexo, dimensao, material, peso, conteudo_produto, cod_fornecedor, cod_categoria)
values ('Bebe Reborn Bruna', 499.00, 'Pimpolhos', 'menina', '60x30 cm','silicone', 1.450, 'Acompanha: Um bebe reborn + Roupas igual da foto + Chupeta Magnética + Mamadeira + Certidão de Nascimento', 1, 2);
insert into produto (nome, preco, marca, sexo, dimensao, material, peso, conteudo_produto, cod_fornecedor, cod_categoria)
values ('Bebe Reborn Bianca', 599.00, 'Pimpolhos', 'menina', '55x30 cm','silicone', 1.650, 'Acompanha: Um bebe reborn + Roupas igual da foto + Chupeta Magnética + Mamadeira + Certidão de Nascimento', 1, 2);
insert into produto (nome, preco, marca, sexo, dimensao, material, peso, conteudo_produto, cod_fornecedor, cod_categoria)
values ('Bebe Reborn Alice', 659.00, 'Pimpolhos', 'menina', '55x30 cm','silicone', 1.650, 'Acompanha: Um bebe reborn + Roupas igual da foto + Chupeta Magnética + Mamadeira + Certidão de Nascimento', 1, 2);
insert into produto (nome, preco, marca, sexo, dimensao, material, peso, conteudo_produto, cod_fornecedor, cod_categoria)
values ('Bebe Reborn Mayara', 799.00, 'Pimpolhos', 'menina', '55x30 cm','silicone', 1.650, 'Acompanha: Um bebe reborn + Roupas igual da foto + Chupeta Magnética + Mamadeira + Certidão de Nascimento', 1, 2);
insert into produto (nome, preco, marca, sexo, dimensao, material, peso, conteudo_produto, cod_fornecedor, cod_categoria)
values ('Bebe Reborn Renata', 659.00, 'Pimpolhos', 'menina', '55x30 cm','silicone', 1.650, 'Acompanha: Um bebe reborn + Roupas igual da foto + Chupeta Magnética + Mamadeira + Certidão de Nascimento', 1, 2);
insert into produto (nome, preco, marca, sexo, dimensao, material, peso, conteudo_produto, cod_fornecedor, cod_categoria)
values ('Bebe Reborn Joelma', 619.00, 'Pimpolhos', 'menina', '55x30 cm','silicone', 1.650, 'Acompanha: Um bebe reborn + Roupas igual da foto + Chupeta Magnética + Mamadeira + Certidão de Nascimento', 1, 2);
insert into produto (nome, preco, marca, sexo, dimensao, material, peso, conteudo_produto, cod_fornecedor, cod_categoria)
values ('Bebe Reborn Camila', 459.00, 'Pimpolhos', 'menina', '55x30 cm','silicone', 1.650, 'Acompanha: Um bebe reborn + Roupas igual da foto + Chupeta Magnética + Mamadeira + Certidão de Nascimento', 1, 2);

insert into produto (nome, preco, marca, sexo, dimensao, material, peso, conteudo_produto, cod_fornecedor, cod_categoria)
values ('Bebe Reborn Miguel', 619.00, 'Pimpolhos', 'menino', '65x30 cm','silicone', 1.850, 'Acompanha: Um bebe reborn + Roupas igual da foto + Chupeta Magnética + Mamadeira + Certidão de Nascimento', 1, 1);
insert into produto (nome, preco, marca, sexo, dimensao, material, peso, conteudo_produto, cod_fornecedor, cod_categoria)
values ('Bebe Reborn Arthur', 549.00, 'Pimpolhos', 'menino', '55x30 cm','silicone', 1.500, 'Acompanha: Um bebe reborn + Roupas igual da foto + Chupeta Magnética + Mamadeira + Certidão de Nascimento', 1, 1);
insert into produto (nome, preco, marca, sexo, dimensao, material, peso, conteudo_produto, cod_fornecedor, cod_categoria)
values ('Bebe Reborn Felipe', 599.00, 'Pimpolhos', 'menino', '65x30 cm','silicone', 1.850, 'Acompanha: Um bebe reborn + Roupas igual da foto + Chupeta Magnética + Mamadeira + Certidão de Nascimento', 1, 1);
insert into produto (nome, preco, marca, sexo, dimensao, material, peso, conteudo_produto, cod_fornecedor, cod_categoria)
values ('Bebe Reborn Heitor', 659.00, 'Pimpolhos', 'menino', '65x30 cm','silicone', 1.850, 'Acompanha: Um bebe reborn + Roupas igual da foto + Chupeta Magnética + Mamadeira + Certidão de Nascimento', 1, 1);
insert into produto (nome, preco, marca, sexo, dimensao, material, peso, conteudo_produto, cod_fornecedor, cod_categoria)
values ('Bebe Reborn Rafael', 799.00, 'Pimpolhos', 'menino', '65x30 cm','silicone', 1.850, 'Acompanha: Um bebe reborn + Roupas igual da foto + Chupeta Magnética + Mamadeira + Certidão de Nascimento', 1, 1);
insert into produto (nome, preco, marca, sexo, dimensao, material, peso, conteudo_produto, cod_fornecedor, cod_categoria)
values ('Bebe Reborn Thiago', 659.00, 'Pimpolhos', 'menino', '65x30 cm','silicone', 1.850, 'Acompanha: Um bebe reborn + Roupas igual da foto + Chupeta Magnética + Mamadeira + Certidão de Nascimento', 1, 1);
insert into produto (nome, preco, marca, sexo, dimensao, material, peso, conteudo_produto, cod_fornecedor, cod_categoria)
values ('Bebe Reborn Daniel', 619.00, 'Pimpolhos', 'menino', '65x30 cm','silicone', 1.850, 'Acompanha: Um bebe reborn + Roupas igual da foto + Chupeta Magnética + Mamadeira + Certidão de Nascimento', 1, 1);
insert into produto (nome, preco, marca, sexo, dimensao, material, peso, conteudo_produto, cod_fornecedor, cod_categoria)
values ('Bebe Reborn Samuel', 459.00, 'Pimpolhos', 'menino', '65x30 cm','silicone', 1.850, 'Acompanha: Um bebe reborn + Roupas igual da foto + Chupeta Magnética + Mamadeira + Certidão de Nascimento', 1, 1);

insert into produto (nome, preco, marca, sexo, dimensao, material, peso, conteudo_produto, cod_fornecedor, cod_categoria)
values ('Chupeta Rosa Simples', 29.00, 'Pimpolhos', null, '5x10 cm','silicone', 0.050, 'Chupeta Rosa Simples', 1, 3);
insert into produto (nome, preco, marca, sexo, dimensao, material, peso, conteudo_produto, cod_fornecedor, cod_categoria)
values ('Chupeta Rosa Ursinho', 39.00, 'Pimpolhos', null, '5x10 cm','silicone', 0.060, 'Chupeta Rosa Ursinho', 1, 3);
insert into produto (nome, preco, marca, sexo, dimensao, material, peso, conteudo_produto, cod_fornecedor, cod_categoria)
values ('Vestido Tule Rosa', 79.00, 'Pimpolhos', null, '40x20 cm','algodão', 0.100, 'Vestido Tule Rosa', 1, 3);
insert into produto (nome, preco, marca, sexo, dimensao, material, peso, conteudo_produto, cod_fornecedor, cod_categoria)
values ('Vestido De Unicórnio', 99.00, 'Pimpolhos', null, '40x20 cm','algodão', 0.100, 'Vestido De Unicórnio', 1, 3);
insert into produto (nome, preco, marca, sexo, dimensao, material, peso, conteudo_produto, cod_fornecedor, cod_categoria)
values ('Conjunto De Roupa Macaquinho', 129.00, 'Pimpolhos', null, '40x20 cm','algodão', 0.100, 'Conjunto De Roupa Macaquinho', 1, 3);
insert into produto (nome, preco, marca, sexo, dimensao, material, peso, conteudo_produto, cod_fornecedor, cod_categoria)
values ('Conjunto Jacaré', 149.00, 'Pimpolhos', null, '40x20 cm','algodão', 0.100, 'Conjunto Jacaré', 1, 3);
insert into produto (nome, preco, marca, sexo, dimensao, material, peso, conteudo_produto, cod_fornecedor, cod_categoria)
values ('Conjunto Vermelho Florido', 219.00, 'Pimpolhos', null, '40x20 cm','algodão', 0.100, 'Conjunto Vermelho Florido', 1, 3);
insert into produto (nome, preco, marca, sexo, dimensao, material, peso, conteudo_produto, cod_fornecedor, cod_categoria)
values ('Conjunto De Coelhinha', 159.00, 'Pimpolhos', null, '40x20 cm','algodão', 0.100, 'Conjunto De Coelhinha', 1, 3);

-- ESTOQUE
insert into estoque (cod_produto, quantidade)
values(1, 20);
insert into estoque (cod_produto, quantidade)
values(2, 37);
insert into estoque (cod_produto, quantidade)
values(3, 25);
insert into estoque (cod_produto, quantidade)
values(4, 15);
insert into estoque (cod_produto, quantidade)
values(5, 10);
insert into estoque (cod_produto, quantidade)
values(6, 5);
insert into estoque (cod_produto, quantidade)
values(7, 22);
insert into estoque (cod_produto, quantidade)
values(8, 27);
insert into estoque (cod_produto, quantidade)
values(9, 23);
insert into estoque (cod_produto, quantidade)
values(10, 21);
insert into estoque (cod_produto, quantidade)
values(11, 20);
insert into estoque (cod_produto, quantidade)
values(12, 20);
insert into estoque (cod_produto, quantidade)
values(13, 10);
insert into estoque (cod_produto, quantidade)
values(14, 4);
insert into estoque (cod_produto, quantidade)
values(15, 15);
insert into estoque (cod_produto, quantidade)
values(16, 23);
insert into estoque (cod_produto, quantidade)
values(17, 35);
insert into estoque (cod_produto, quantidade)
values(18, 1);
insert into estoque (cod_produto, quantidade)
values(19, 22);
insert into estoque (cod_produto, quantidade)
values(20, 13);
insert into estoque (cod_produto, quantidade)
values(21, 1);
insert into estoque (cod_produto, quantidade)
values(22, 9);
insert into estoque (cod_produto, quantidade)
values(23, 7);
insert into estoque (cod_produto, quantidade)
values(24, 6);

-- PRODUTOS RELACIONADOS
insert into produtos_relacionados (cod_produto) values (1);
insert into produtos_relacionados (cod_produto) values (2);
insert into produtos_relacionados (cod_produto) values (3);
insert into produtos_relacionados (cod_produto) values (4);
insert into produtos_relacionados (cod_produto) values (5);
insert into produtos_relacionados (cod_produto) values (6);
insert into produtos_relacionados (cod_produto) values (7);
insert into produtos_relacionados (cod_produto) values (8);
insert into produtos_relacionados (cod_produto) values (9);
insert into produtos_relacionados (cod_produto) values (10);

-- CLIENTE
insert into cliente (nome_cliente, cpf, data_nasc, email, senha) 
values ('Maria Silva', '79487888080', '1997-01-24', 'mariasilva@gmail.com', 'ch%&tw@jy');
insert into cliente (nome_cliente, cpf, data_nasc, email, senha) 
values ('Joao Souza', '00760659010', '1987-05-23', 'joaosouza@gmail.com', 'kte&#koen');
insert into cliente (nome_cliente, cpf, data_nasc, email, senha) 
values ('Tereza Batista', '84783947023', '2000-09-22', 'terezabatista@gmail.com', 'qutl&%da#');
insert into cliente (nome_cliente, cpf, data_nasc, email, senha) 
values ('Ana Carolina', '21189301008', '1997-11-02', 'ana@gmail.com', 'drewrl&%da#');
insert into cliente (nome_cliente, cpf, data_nasc, email, senha) 
values ('Felipe Melo', '79001884016', '1987-12-01', 'felipeme@gmail.com', 'jgu%jg&#h');
insert into cliente (nome_cliente, cpf, data_nasc, email, senha) 
values ('Jorge Amado', '63271265020', '1998-02-03', 'jorge@gmail.com', 'kdftr@hfkj#');
insert into cliente (nome_cliente, cpf, data_nasc, email, senha) 
values ('Amanda Melo', '76144108076', '1990-07-04', 'amanda@gmail.com', 'esle#ue%c@');
insert into cliente (nome_cliente, cpf, data_nasc, email, senha) 
values ('Felicia Costa', '32678795071', '1999-12-06', 'felicia@gmail.com', 'oap#ner@g%');
insert into cliente (nome_cliente, cpf, data_nasc, email, senha) 
values ('Camila Ribeiro', '34303111015', '1997-02-07', 'caribeiro@gmail.com', 'bsyt&lwo#');
insert into cliente (nome_cliente, cpf, data_nasc, email, senha) 
values ('Luciano Gonçalves', '45674990000', '2000-05-10', 'lug@hotmail.com', 'latb@kgi6%');

insert into cliente (nome_cliente, cpf, data_nasc, email, senha)
values ('Rita Silva', '64849549098', '1990-04-24', 'rita2@gmail.com', 'fdhks6#');
insert into cliente (nome_cliente, cpf, data_nasc, email, senha)
values ('Joana Camargo', '44845579098', '1997-04-14', 'jocamargo@gmail.com', 'ffdhajag6#');
insert into cliente (nome_cliente, cpf, data_nasc, email, senha)
values ('José Alfredo Lima', '56639544023', '1991-05-15', 'joselima@hotmail.com', 'fd8886#');
insert into cliente (nome_cliente, cpf, data_nasc, email, senha)
values ('Alberto Gonçalves', '23149549074', '1989-01-20', 'alberto@gmail.com', 'fdhk88%');
insert into cliente (nome_cliente, cpf, data_nasc, email, senha)
values ('Henrique Joji', '44446549078', '1997-03-13', 'joji2@gmail.com', 'aaa3#s6#');
insert into cliente (nome_cliente, cpf, data_nasc, email, senha)
values ('Camila Oliveira', '33145649498', '1996-04-24', 'cami2@gmail.com', 'ffff%46#');
insert into cliente (nome_cliente, cpf, data_nasc, email, senha)
values ('Kelly Cristina', '23144549012', '2000-01-24', 'kelly@hotmail.com', 'abcks6#');
insert into cliente (nome_cliente, cpf, data_nasc, email, senha)
values ('Raphael Milani', '14445549076', '1999-02-27', 'raphami@gmail.com', 'hsgsg6#');
insert into cliente (nome_cliente, cpf, data_nasc, email, senha)
values ('Maria de Lourdes', '13349554398', '1998-07-14', 'marialo@gmail.com', 'fdddd5');
insert into cliente (nome_cliente, cpf, data_nasc, email, senha)
values ('Claudia Soyombo', '65546549093', '2001-04-28', 'claudia@gmail.com', '5647#2@');

insert into cliente  (nome_cliente, cpf, data_nasc, email, senha)
values ('Theo Thomas Mateus Figueiredo', '47006132622', '1941-05-01', 'theothomasmateusfigueiredo-98@campanati.com.br', 'j$PM*uQq5');
insert into cliente (nome_cliente, cpf, data_nasc, email, senha)
values ('Marly Vidal Mota', '61594048061', '1945-08-25', 'marly55@gmail.com', 'wuFkeb@qR');
insert into cliente (nome_cliente, cpf, data_nasc, email, senha)
values ('Ryan Pires Temperini', '14963209055', '1961-03-02', 'rp55@gmail.com', 'dJXgTnE#r');
insert into cliente (nome_cliente, cpf, data_nasc, email, senha)
values ('Edna Dias Candido', '15830423006', '1981-05-05', 'ednaadias@gmail.com', '$ZwWfEtnw');
insert into cliente (nome_cliente, cpf, data_nasc, email, senha)
values ('Emanoel Dores Mozer', '46555804025', '1962-08-09', 'emanoeldores6858@bol.com.br', 'fs&ZFby$^');
insert into cliente (nome_cliente, cpf, data_nasc, email, senha)
values ('Débora Barcelos Paiva', '24677517088', '1981-02-23', 'debspaiva@terra.com.br', 'fjABB@F^!');
insert into cliente (nome_cliente, cpf, data_nasc, email, senha)
values ('Alex Passos Melo', '98032008012', '1961-08-03', 'alexmelo@gmail.com', '^5n#ZECC&');
insert into cliente (nome_cliente, cpf, data_nasc, email, senha)
values ('Emmanuel Esteves Prucho', '23255575028', '1931-01-15', 'emep55@hotmail.com', 'MeE6FcqB@');
insert into cliente (nome_cliente, cpf, data_nasc, email, senha)
values ('Ricardo Juan Souza', '28950624044', '1948-09-01', 'ricadinho@gmail.com', '#!k2#Ywp6');
insert into cliente (nome_cliente, cpf, data_nasc, email, senha)
values ('Bernardo Martin Gomes', '95220689347', '1992-01-01', 'bernadmg@hotmail.com', 'gkxEjEgV&');

insert into cliente (nome_cliente,cpf,data_nasc,email,senha)
values ('Osvaldo Carvalho Melo','61030384053', '1970-12-01','osvaldoc@gmail.com','valdoMelo1');
insert into cliente (nome_cliente,cpf,data_nasc,email,senha)
values ('Nathalia Silva Costa da Silva','91619247097', '1982-01-02','natS@gmail.com','NatSilCo821');
insert into cliente (nome_cliente,cpf,data_nasc,email,senha)
values ('Matilde Santos Cunha','70564247081', '1947-09-23','MatildeSantosCunha@gmail.com','aira5AhGhohS');
insert into cliente (nome_cliente,cpf,data_nasc,email,senha)
values ('Matheus Cunha Pereira','81235972151', '1980-05-15','cunhamaths@hotmail.com','Cho1oole1v');
insert into cliente (nome_cliente,cpf,data_nasc,email,senha)
values ('Eduarda Ferreira Lima','66810572090', '1989-09-21','dudalima45@gmail.com','nFICercLEgan');
insert into cliente (nome_cliente,cpf,data_nasc,email,senha)
values ('Levi João Felipe Melo da Cunha','85766346000', '1992-03-22','ljfmcunha@gmail.com','MEnGAZEintIc');
insert into cliente (nome_cliente,cpf,data_nasc,email,senha)
values ('Ivo Arouca Parente','09681826078', '1960-10-25','MatildeSantosCunha@gmail.com','AIsHALYPoeSM');
insert into cliente (nome_cliente,cpf,data_nasc,email,senha)
values ('Fernanda Damasceno Torres','62777859078', '1975-05-08','torresnanda67@gmail.com','ToUrKBorYsEo');
insert into cliente (nome_cliente,cpf,data_nasc,email,senha)
values ('Danilo Almeida Lima','13421155038', '1997-02-02','danAlmeida@outlook.com','AmblERpHYsto');
insert into cliente (nome_cliente,cpf,data_nasc,email,senha)
values ('Renato Schneider Sanches','70564247081', '1947-09-3','MatildeSantosCunha@gmail.com','aira5AhGhohS');

-- ESTADO
insert into estado (descricao) values ('AL');
insert into estado (descricao) values ('AM');
insert into estado (descricao) values ('AP');
insert into estado (descricao) values ('BA');
insert into estado (descricao) values ('CE');
insert into estado (descricao) values ('DF');
insert into estado (descricao) values ('ES');
insert into estado (descricao) values ('GO');
insert into estado (descricao) values ('MA');
insert into estado (descricao) values ('MG');
insert into estado (descricao) values ('MS');
insert into estado (descricao) values ('MT');
insert into estado (descricao) values ('PA');
insert into estado (descricao) values ('PB');
insert into estado (descricao) values ('PE');
insert into estado (descricao) values ('PI');
insert into estado (descricao) values ('PR');
insert into estado (descricao) values ('RJ');
insert into estado (descricao) values ('RN');
insert into estado (descricao) values ('RO');
insert into estado (descricao) values ('RR');
insert into estado (descricao) values ('RS');
insert into estado (descricao) values ('SC');
insert into estado (descricao) values ('SE');
insert into estado (descricao) values ('SP');
insert into estado (descricao) values ('TO');
insert into estado (descricao) values ('AC');

-- ENDERECO
insert into endereco (nome_cidade, cep, nome_rua, numero_casa, complemento, bairro, ponto_referencia, cod_estado)
values ('São Paulo', '03924-200', 'Rua Visconde de Sousa Franco', '45', null, 'Parque dos Bancários', null, 25);
insert into endereco (nome_cidade, cep, nome_rua, numero_casa, complemento, bairro, ponto_referencia, cod_estado)
values ('São Paulo', '09581-710', 'Rua Francisco Manoel da Silva', '54', null, 'Jardim São Caetano', null, 25);
insert into endereco (nome_cidade, cep, nome_rua, numero_casa, complemento, bairro, ponto_referencia, cod_estado)
values ('São Paulo', '13807-755', 'Rua Vereador Antônio F. S. Beito', '35', null, 'Jardim Patrícia', null, 25);
insert into endereco (nome_cidade, cep, nome_rua, numero_casa, complemento, bairro, ponto_referencia, cod_estado)
values ('São Paulo', '02967-100', 'Rua Josué Grande', '53', null, 'Vila Marina', null, 25);
insert into endereco (nome_cidade, cep, nome_rua, numero_casa, complemento, bairro, ponto_referencia, cod_estado)
values ('São Paulo', '07250-090', 'Viela Garoa', '27', '27 A', 'Cidade Aracilia', null, 25);
insert into endereco (nome_cidade, cep, nome_rua, numero_casa, complemento, bairro, ponto_referencia, cod_estado)
values ('São Paulo', '03657-020', 'Rua Morenamé', '72', null, 'Vila Ré', null, 25);
insert into endereco (nome_cidade, cep, nome_rua, numero_casa, complemento, bairro, ponto_referencia, cod_estado)
values ('Jundiaí', '13205-750', 'Rua Sargento Maurício Vicente da Silva', '80', null, 'Jardim Marambaia II', null, 25);
insert into endereco (nome_cidade, cep, nome_rua, numero_casa, complemento, bairro, ponto_referencia, cod_estado)
values ('São Paulo', '02615-080', 'Rua Andrinópolis', '08', null, 'Vila Amélia', null, 25);
insert into endereco (nome_cidade, cep, nome_rua, numero_casa, complemento, bairro, ponto_referencia, cod_estado)
values ('São Paulo', '04401-180', 'Rua Diogo Pereira País', '68', null, 'Vila Marari', null, 25);
insert into endereco (nome_cidade, cep, nome_rua, numero_casa, complemento, bairro, ponto_referencia, cod_estado)
values ('São José dos Campos', '12215-030', 'Rua Capitão Raul Fagundes', '86', null, 'Monte Castelo', null, 25);
insert into endereco (nome_cidade, cep, nome_rua, numero_casa, complemento, bairro, ponto_referencia, cod_estado)
values ('Campinas', '13088-480', 'Ruela Benedito Cesar Pereira', '67', null, 'Parque Dom Bosco', null, 25);
insert into endereco (nome_cidade, cep, nome_rua, numero_casa, complemento, bairro, ponto_referencia, cod_estado)
values ('São Paulo', '04877-278', 'Rua C', '76', null, 'Cidade Luz', null, 25);
insert into endereco (nome_cidade, cep, nome_rua, numero_casa, complemento, bairro, ponto_referencia, cod_estado)
values ('São Carlos', '13563-660', 'Rua José Loreti', '17', null, 'Jardim Ipanema', null, 25);
insert into endereco (nome_cidade, cep, nome_rua, numero_casa, complemento, bairro, ponto_referencia, cod_estado)
values ('Pindamonhangaba', '12444-351', 'Avenida João de Carvalho', '71', 'Apto. 5 bloco 2', 'Residencial e Comercial Portal dos Eucaliptos', null, 25);
insert into endereco (nome_cidade, cep, nome_rua, numero_casa, complemento, bairro, ponto_referencia, cod_estado)
values ('São Carlos', '13563-790', 'Via de Acesso 10', '29', null, 'Condomínio Residencial Montreal', null, 25);

insert into endereco (nome_cidade, cep, nome_rua, numero_casa, complemento, bairro, ponto_referencia, cod_estado)
values ('Cotia', '06703590', 'Estrada Macapá', '55', 'Ap 22', 'Jardim Maria Tereza', null, 25);
insert into endereco (nome_cidade, cep, nome_rua, numero_casa, complemento, bairro, ponto_referencia, cod_estado)
values ('Tupã', '17602483', 'Rua Gabriel da Silva Teixeira', '75', null, 'Jardim Itaipu', null, 25);
insert into endereco (nome_cidade, cep, nome_rua, numero_casa, complemento, bairro, ponto_referencia, cod_estado)
values ('Cajamar', '07792745', 'Rua Tejupá', '7', null, 'Centro', null, 25);
insert into endereco (nome_cidade, cep, nome_rua, numero_casa, complemento, bairro, ponto_referencia, cod_estado)
values ('São Paulo', '13800061', 'Rua Doutor Ulhoa Cintra', '58', null, 'Jardim Marajoara', null, 25);
insert into endereco (nome_cidade, cep, nome_rua, numero_casa, complemento, bairro, ponto_referencia, cod_estado)
values ('São Paulo', '09850652', 'Rua Um', '95', null, 'Dos Casa', null, 25);
insert into endereco (nome_cidade, cep, nome_rua, numero_casa, complemento, bairro, ponto_referencia, cod_estado)
values ('São Paulo', '17032810', 'Rua Vitória', '568', null, 'Jardim das Orquídeas', null, 25);
insert into endereco (nome_cidade, cep, nome_rua, numero_casa, complemento, bairro, ponto_referencia, cod_estado)
values ('Campinas', '05103040', 'Avenida Lúcio Luciano', '3', null, 'Vila dos Remédios', null, 25);
insert into endereco (nome_cidade, cep, nome_rua, numero_casa, complemento, bairro, ponto_referencia, cod_estado)
values ('São Paulo', '12082620', 'Rua Álvaro Guião', '51', 'Ap 69', 'Alto São Pedro', null, 25);
insert into endereco (nome_cidade, cep, nome_rua, numero_casa, complemento, bairro, ponto_referencia, cod_estado)
values ('Jundiaí', '13219541', 'Rua Clóvis Mine', '65', null, 'Jardim Maria Antônia Prado', null, 25);
insert into endereco (nome_cidade, cep, nome_rua, numero_casa, complemento, bairro, ponto_referencia, cod_estado)
values ('São Paulo', '12053530', 'Rua Antônio Athie', '98', null, 'Jardim Bom Viver IV', null, 25);

insert into endereco (nome_cidade, cep, nome_rua, numero_casa, complemento, bairro, ponto_referencia, cod_estado) 
values ('Campinas', '72838-998', 'rua buarque', '12', 'lote 1', 'quinta das videiras', null, 25);

insert into endereco (nome_cidade, cep, nome_rua, numero_casa, complemento, bairro, ponto_referencia, cod_estado) 
values ( 'Jarinu', '01838-998', 'rua campestre', '422', null, 'santo antonio', null, 25);

insert into endereco (nome_cidade, cep, nome_rua, numero_casa, complemento, bairro, ponto_referencia, cod_estado) 
values ( 'Santos', '01448-998', 'rua yemanja', '1422', 'ap 81', 'centro', 'predio azul', 25);

insert into endereco (nome_cidade, cep, nome_rua, numero_casa, complemento, bairro, ponto_referencia, cod_estado) 
values ('São Paulo', '01338-008', 'rua getulio', '522', 'ap 34 a', 'santa cecilia', null, 25);

insert into endereco ( nome_cidade, cep, nome_rua, numero_casa, complemento, bairro, ponto_referencia, cod_estado) 
values ('São Paulo', '01008-008', 'rua agabe', '3522', 'ap 33', 'brasilandia', null, 25);

insert into endereco (nome_cidade, cep, nome_rua, numero_casa, complemento, bairro, ponto_referencia, cod_estado) 
values ('Sao Paulo', '63277-704', 'Quatorze', '3722', 'ap 313', 'São Cristóvão', null, 25);


insert into endereco (
nome_cidade, 
cep, 
nome_rua, 
numero_casa, 
complemento, 
bairro, 
ponto_referencia, 
cod_estado) 
values (
'Sao Paulo', 
'03277-704', 
'José Bonifácio', 
'902', 
'ap 113', 
'Planalto', 
'lado do posto', 
25
);


insert into endereco (
nome_cidade, 
cep, 
nome_rua, 
numero_casa, 
complemento, 
bairro, 
ponto_referencia, 
cod_estado) 
values (
'Sao Paulo', 
'00177-704', 
'Bela Vista', 
'1902', 
null, 
'Bela Vista', 
null, 
25
);

insert into endereco (
nome_cidade, 
cep, 
nome_rua, 
numero_casa, 
complemento, 
bairro, 
ponto_referencia, 
cod_estado) 
values (
'Sao Paulo', 
'00277-704', 
'Dezessete', 
'1002', 
'ap 14', 
'São José', 
null, 
25
);

insert into endereco ( 
nome_cidade, 
cep, 
nome_rua, 
numero_casa, 
complemento, 
bairro, 
ponto_referencia, 
cod_estado) 
values ( 
'Sao Paulo', 
'10077-704', 
'Pernambuco', 
'91', 
'ap 24', 
'Industrial', 
null, 
25
);

insert into endereco (
nome_cidade, 
cep, 
nome_rua, 
numero_casa, 
complemento, 
bairro, 
ponto_referencia, 
cod_estado) 
values (
'Sao Paulo', 
'20007-704', 
'Treze', 
'5491', 
'ap 2', 
'Boa Vista', 
'casa amarela', 
25
);


insert into endereco ( 
nome_cidade, 
cep, 
nome_rua, 
numero_casa, 
complemento, 
bairro, 
ponto_referencia, 
cod_estado) 
values (
'Sao Paulo', 
'10007-704', 
'Belo Horizonte', 
'491', 
null, 
'São José', 
'casa esquina', 
25
);

insert into endereco ( 
nome_cidade, 
cep, 
nome_rua, 
numero_casa, 
complemento, 
bairro, 
ponto_referencia, 
cod_estado) 
values ( 
'Sao Paulo', 
'00107-704', 
'Principal', 
'1001', 
'ap 12', 
'São Mateus', 
null, 
25
);

insert into endereco (
nome_cidade, 
cep, 
nome_rua, 
numero_casa, 
complemento, 
bairro, 
ponto_referencia, 
cod_estado) 
values (
'Sao Paulo', 
'00207-704', 
'São Jorge', 
'1011', 
'ap 1092', 
'São Cristóvão', 
null, 
25
);

insert into endereco (
nome_cidade, 
cep, 
nome_rua, 
numero_casa, 
complemento, 
bairro, 
ponto_referencia, 
cod_estado) 
values ( 
'Sao Paulo', 
'00201-704', 
'Projetada', 
'11', 
'ap 42', 
'Vila Nova', 
null, 
25
);

insert into endereco
(nome_cidade,
cep,
nome_rua,
numero_casa,
complemento,
bairro,
ponto_referencia,
cod_estado)

values ('Fortaleza',
'60714060',
'Rua Bogotá',
'659',
'Bloco B2',
'Itaperi',
'Proximo ao Cometa Supermercados',
'5')
;


insert into endereco
(nome_cidade,
cep,
nome_rua,
numero_casa,
bairro,
cod_estado)

values ('João Pessoa',
'58062330',
'Rua José Antonio da Silva Neto',
'631',
'Paratibe',
'14')
;

 insert into endereco
(nome_cidade,
cep,
nome_rua,
numero_casa,
bairro,
ponto_referencia,
cod_estado)

values ('Várzea Grande',
'78145200',
'Rua G',
'978',
'Parque Del Rey',
'Proximo a "Mercearia Pague Menos"',
'12')
;

insert into endereco
(nome_cidade,
cep,
nome_rua,
numero_casa,
complemento,
bairro,

cod_estado)

values ('Fortaleza',
'60360060',
'Rua Padre José Arteiro',
'566',
'Casa 1',
'Antônio Bezerra',
'5')
;

insert into endereco
(nome_cidade,
cep,
nome_rua,
numero_casa,
complemento,
bairro,
cod_estado)

values ('Maringá',
'87047024',
'Avenida Osíres Stenghel Guimarães',
'336',
'Bloco A',
'Jardim Liberdade',
'17')
;


insert into endereco
(nome_cidade,
cep,
nome_rua,
numero_casa,
bairro,
cod_estado)

values ('Guarulhos',
'07242155',
'Viela Viseu',
'240',
'Cidade Parque Alvorada',
'25')
;


insert into endereco
(nome_cidade,
cep,
nome_rua,
numero_casa,
bairro,
cod_estado)

values ('Palmeira dos Índios',
'57607655',
'Rua Claudina I. Almeida',
'139',
'Vila Maria',
'1')
;


insert into endereco
(nome_cidade,
cep,
nome_rua,
numero_casa,
bairro,
cod_estado)

values ('Jaboatão dos Guararapes',
'54170556',
'Rua Sete Quedas',
'527',
'Socorro',
'15')
;

insert into endereco
(nome_cidade,
cep,
nome_rua,
numero_casa,
bairro,
cod_estado)

values ('Londrina',
'86010300',
'Rua Panamá',
'351',
'Vila Rodrigues',
'17')
;


insert into endereco
(nome_cidade,
cep,
nome_rua,
numero_casa,
bairro,
cod_estado)

values ('Fortaleza',
'60752230',
'Alameda Verde 06',
'553',
'Mondubim',
'5')
;

insert into endereco
(nome_cidade,
cep,
nome_rua,
numero_casa,
bairro,
cod_estado)

values ('Palmas',
'77064713',
'Rua P 9',
'375',
'Setor Bela Vista (Taquaralto)',
'26')
;


insert into endereco
(nome_cidade,
cep,
nome_rua,
numero_casa,
bairro,
cod_estado)

values ('Corumbá',
'79321131',
'Rua Meirella Dobes',
'552',
'Vila Guarani',
'11')
;


insert into endereco
(nome_cidade,
cep,
nome_rua,
numero_casa,
bairro,
cod_estado)

values ('Cachoeirinha',
'94960512',
'Rua Caqui',
'292',
'Jardim do Bosque',
'22')
;

insert into endereco
(nome_cidade,
cep,
nome_rua,
numero_casa,
bairro,
cod_estado)

values ('Rio Branco',
'69918206',
'Travessa da Cobal',
' 424',
'Estação Experimental',
'27')
;

insert into endereco
(nome_cidade,
cep,
nome_rua,
numero_casa,
complemento,
bairro,
ponto_referencia,
cod_estado)

values ('Campinas',
'13054630',
'Rua Orlando Santarelli',
'975',
'Casa 2',
'Dic VI (Conjunto Habitacional Santo Dias Silva)',
'Prox a praça de esportes Emil Rached',
'25')
;

-- FORMA PAGAMENTO
insert into forma_pagamento(descricao)
values ('Boleto');
insert into forma_pagamento(descricao)
values ('Pix');
insert into forma_pagamento(descricao)
values ('Cartão');

-- TIPO PAGAMENTO
insert into tipo_pagamento (cod_forma_pagamento)
values('3');
insert into tipo_pagamento (cod_forma_pagamento)
values('2');
insert into tipo_pagamento (cod_forma_pagamento)
values('3');
insert into tipo_pagamento (cod_forma_pagamento)
values('1');
insert into tipo_pagamento (cod_forma_pagamento)
values('3');
insert into tipo_pagamento (cod_forma_pagamento)
values('3');
insert into tipo_pagamento (cod_forma_pagamento)
values('3');
insert into tipo_pagamento (cod_forma_pagamento)
values('3');
insert into tipo_pagamento (cod_forma_pagamento)
values('3');
insert into tipo_pagamento (cod_forma_pagamento)
values('2');
insert into tipo_pagamento (cod_forma_pagamento)
values('2');
insert into tipo_pagamento (cod_forma_pagamento)
values('2');
insert into tipo_pagamento (cod_forma_pagamento)
values('2');
insert into tipo_pagamento (cod_forma_pagamento)
values('2');
insert into tipo_pagamento (cod_forma_pagamento)
values('2');
insert into tipo_pagamento (cod_forma_pagamento)
values('2');
insert into tipo_pagamento (cod_forma_pagamento)
values('2');
insert into tipo_pagamento (cod_forma_pagamento)
values('2');
insert into tipo_pagamento (cod_forma_pagamento)
values('2');
insert into tipo_pagamento (cod_forma_pagamento)
values('2');
insert into tipo_pagamento (cod_forma_pagamento)
values('2');
insert into tipo_pagamento (cod_forma_pagamento)
values('2');
insert into tipo_pagamento (cod_forma_pagamento)
values('2');
insert into tipo_pagamento (cod_forma_pagamento)
values('2');
insert into tipo_pagamento (cod_forma_pagamento)
values('2');
insert into tipo_pagamento (cod_forma_pagamento)
values('2');
insert into tipo_pagamento (cod_forma_pagamento)
values('3');
insert into tipo_pagamento (cod_forma_pagamento)
values('3');
insert into tipo_pagamento (cod_forma_pagamento)
values('3');
insert into tipo_pagamento (cod_forma_pagamento)
values('3');
insert into tipo_pagamento (cod_forma_pagamento)
values('3');
insert into tipo_pagamento (cod_forma_pagamento)
values('3');
insert into tipo_pagamento (cod_forma_pagamento)
values('3');
insert into tipo_pagamento (cod_forma_pagamento)
values('3');
insert into tipo_pagamento (cod_forma_pagamento)
values('3');
insert into tipo_pagamento (cod_forma_pagamento)
values('3');
insert into tipo_pagamento (cod_forma_pagamento)
values('3');
insert into tipo_pagamento (cod_forma_pagamento)
values('3');
insert into tipo_pagamento (cod_forma_pagamento)
values('3');
insert into tipo_pagamento (cod_forma_pagamento)
values('3');
insert into tipo_pagamento (cod_forma_pagamento)
values('3');
insert into tipo_pagamento (cod_forma_pagamento)
values('3');
insert into tipo_pagamento (cod_forma_pagamento)
values('3');
insert into tipo_pagamento (cod_forma_pagamento)
values('3');
insert into tipo_pagamento (cod_forma_pagamento)
values('3');
insert into tipo_pagamento (cod_forma_pagamento)
values('3');
insert into tipo_pagamento (cod_forma_pagamento)
values('3');
insert into tipo_pagamento (cod_forma_pagamento)
values('3');
insert into tipo_pagamento (cod_forma_pagamento)
values('3');
insert into tipo_pagamento (cod_forma_pagamento)
values('3');
insert into tipo_pagamento (cod_forma_pagamento)
values('3');
insert into tipo_pagamento (cod_forma_pagamento)
values('3');
insert into tipo_pagamento (cod_forma_pagamento)
values('3');
insert into tipo_pagamento (cod_forma_pagamento)
values('2');
insert into tipo_pagamento (cod_forma_pagamento)
values('2');
insert into tipo_pagamento (cod_forma_pagamento)
values('2');
insert into tipo_pagamento (cod_forma_pagamento)
values('2');
insert into tipo_pagamento (cod_forma_pagamento)
values('2');
insert into tipo_pagamento (cod_forma_pagamento)
values('2');
insert into tipo_pagamento (cod_forma_pagamento)
values('2');
insert into tipo_pagamento (cod_forma_pagamento)
values('2');
insert into tipo_pagamento (cod_forma_pagamento)
values('2');
insert into tipo_pagamento (cod_forma_pagamento)
values('2');
insert into tipo_pagamento (cod_forma_pagamento)
values('2');
insert into tipo_pagamento (cod_forma_pagamento)
values('2');
insert into tipo_pagamento (cod_forma_pagamento)
values('2');
insert into tipo_pagamento (cod_forma_pagamento)
values('2');
insert into tipo_pagamento (cod_forma_pagamento)
values('2');
insert into tipo_pagamento (cod_forma_pagamento)
values('2');


-- BANDEIRA
insert into  bandeira(descricao) 
values ('MasterCard');
insert into bandeira (descricao) 
values ('Visa');
insert into bandeira (descricao) 
values ('American Express');

-- CARTAO
insert into cartao (cod_operacao, cod_forma_pagamento, numero_cartao, nome_titular, validade, cod_seguranca, cod_bandeira, cod_cliente)
values (11, 3, '5288935485102120', 'Maria Silva', '2023-01-21', '223', 1, 1);
insert into cartao (cod_operacao, cod_forma_pagamento, numero_cartao, nome_titular, validade, cod_seguranca, cod_bandeira, cod_cliente)
values (12, 3, '6573202411369170', 'João Souza', '2023-01-21', '232', 1, 1);
insert into cartao (cod_operacao, cod_forma_pagamento, numero_cartao, nome_titular, validade, cod_seguranca, cod_bandeira, cod_cliente)
values (13, 3, '6363686683732230', 'Tereza Batista', '2024-01-22', '668', 2, 2);
insert into cartao (cod_operacao, cod_forma_pagamento, numero_cartao, nome_titular, validade, cod_seguranca, cod_bandeira, cod_cliente)
values (14, 3, '4848459392474080', 'Ana Carolina', '2025-01-22', '571', 2, 3);
insert into cartao (cod_operacao, cod_forma_pagamento, numero_cartao, nome_titular, validade, cod_seguranca, cod_bandeira, cod_cliente)
values (15, 3, '5326125687961910', 'Felipe Melo', '2026-01-22', '2662', 3, 4);
insert into cartao (cod_operacao, cod_forma_pagamento, numero_cartao, nome_titular, validade, cod_seguranca, cod_bandeira, cod_cliente)
values (16, 3, '6363682116872550', 'Jorge Amado', '2027-01-22', '1254', 3, 5);
insert into cartao (cod_operacao, cod_forma_pagamento, numero_cartao, nome_titular, validade, cod_seguranca, cod_bandeira, cod_cliente)
values (17, 3, '6227968591146860', 'Amanda Melo', '2028-01-22', '983', 1, 6);
insert into cartao (cod_operacao, cod_forma_pagamento, numero_cartao, nome_titular, validade, cod_seguranca, cod_bandeira, cod_cliente)
values (18, 3, '4314453432747510', 'Felicia Costa', '2029-01-22', '880', 1, 7);
insert into cartao (cod_operacao, cod_forma_pagamento, numero_cartao, nome_titular, validade, cod_seguranca, cod_bandeira, cod_cliente)
values (19, 3, '5281196662808310', 'Camila Ribeiro', '2030-01-22', '351', 2, 8);
insert into cartao (cod_operacao, cod_forma_pagamento, numero_cartao, nome_titular, validade, cod_seguranca, cod_bandeira, cod_cliente)
values (20, 3, '5211758875625470', 'Luciano Gonçalves', '2023-01-05', '523', 2, 8);

insert into cartao (cod_operacao, cod_forma_pagamento, numero_cartao, nome_titular, validade, cod_seguranca, cod_bandeira, cod_cliente)
values (31, 3, '5503258753368898', 'Theo Thomas Mateus', "2023/06/04", '378', 1, 30);
insert into cartao (cod_operacao, cod_forma_pagamento, numero_cartao, nome_titular, validade, cod_seguranca, cod_bandeira, cod_cliente)
values (32, 3, '5183155187654934', 'Marly Vidal', "2023/06/25", '493', 1, 31);
insert into cartao (cod_operacao, cod_forma_pagamento, numero_cartao, nome_titular, validade, cod_seguranca, cod_bandeira, cod_cliente)
values (33, 3, '4485910695980686', 'Bernardo Martin', "2023/06/05", '346', 2, 39);
insert into cartao (cod_operacao, cod_forma_pagamento, numero_cartao, nome_titular, validade, cod_seguranca, cod_bandeira, cod_cliente)
values (34, 3, '5314684687583139', 'Emmanuel Prucho', "2023/06/01", '396', 1, 37);
insert into cartao (cod_operacao, cod_forma_pagamento, numero_cartao, nome_titular, validade, cod_seguranca, cod_bandeira, cod_cliente)
values (35, 3, '4532988618457969', 'Alex Passos', "2023/06/13", '832', 2, 36);
insert into cartao (cod_operacao, cod_forma_pagamento, numero_cartao, nome_titular, validade, cod_seguranca, cod_bandeira, cod_cliente)
values (36, 3, '5469374298839269', 'Débora Barcelos', "2023/06/29", '720', 1, 35);
insert into cartao (cod_operacao, cod_forma_pagamento, numero_cartao, nome_titular, validade, cod_seguranca, cod_bandeira, cod_cliente)
values (37, 3, '4556758254013546', 'Emanoela Dore', "2023/06/30", '684', 2, 34);
insert into cartao (cod_operacao, cod_forma_pagamento, numero_cartao, nome_titular, validade, cod_seguranca, cod_bandeira, cod_cliente)
values (38, 3, '4532651197212847', 'Emanoel Dores', "2023/06/07", '676', 2, 34);
insert into cartao (cod_operacao, cod_forma_pagamento, numero_cartao, nome_titular, validade, cod_seguranca, cod_bandeira, cod_cliente)
values (39, 3, '340831052365308', 'Agatha Dores', "2023/06/30", '620', 3, 33);

-- BOLETO
insert into boleto (cod_operacao, cod_forma_pagamento, valor, cod_barras, data_vencimento, data_emissao, beneficiario, emissor)
values (1, 1, 549.00, '60349942421', '2022-10-02', '2022-09-01', 'Pimpolhos', 'Bco do Brasil');
insert into boleto (cod_operacao, cod_forma_pagamento, valor, cod_barras, data_vencimento, data_emissao, beneficiario, emissor)
values (2, 1, 659.00, '70137226943', '2022-11-02', '2022-10-02', 'Pimpolhos', 'Bco do Brasil');
insert into boleto (cod_operacao, cod_forma_pagamento, valor, cod_barras, data_vencimento, data_emissao, beneficiario, emissor)
values (3, 1, 79.00, '64955509887', '2022-12-02', '2022-11-02', 'Pimpolhos', 'Bco do Brasil');
insert into boleto (cod_operacao, cod_forma_pagamento, valor, cod_barras, data_vencimento, data_emissao, beneficiario, emissor)
values (4, 1, 699.90, '60169127453', '2022-07-03', '2022-06-03', 'Pimpolhos', 'Bco do Brasil');
insert into boleto (cod_operacao, cod_forma_pagamento, valor, cod_barras, data_vencimento, data_emissao, beneficiario, emissor)
values (5, 1, 350.90, '26876018269', '2022-06-03', '2022-05-03', 'Pimpolhos', 'Bco do Brasil');
insert into boleto (cod_operacao, cod_forma_pagamento, valor, cod_barras, data_vencimento, data_emissao, beneficiario, emissor)
values (6, 1, 49.90, '41165221515', '2022-05-03', '2022-04-03', 'Pimpolhos', 'Bco do Brasil');
insert into boleto (cod_operacao, cod_forma_pagamento, valor, cod_barras, data_vencimento, data_emissao, beneficiario, emissor)
values (7, 1, 39.90, '26411420832', '2022-08-04', '2022-07-04', 'Pimpolhos', 'Bco do Brasil');
insert into boleto (cod_operacao, cod_forma_pagamento, valor, cod_barras, data_vencimento, data_emissao, beneficiario, emissor)
values (8, 1, 499.90, '02241797959', '2022-07-04', '2022-06-04', 'Pimpolhos', 'Bco do Brasil');
insert into boleto (cod_operacao, cod_forma_pagamento, valor, cod_barras, data_vencimento, data_emissao, beneficiario, emissor)
values (9, 1, 499.90, '45340623700', '2022-06-04', '2022-05-04', 'Pimpolhos', 'Bco do Brasil');
insert into boleto (cod_operacao, cod_forma_pagamento, valor, cod_barras, data_vencimento, data_emissao, beneficiario, emissor)
values (10, 1, 299.90, '71180514033', '2022-04-04', '2022-03-04', 'Pimpolhos', 'Bco do Brasil');

insert into boleto (
cod_operacao, 
cod_forma_pagamento, 
valor, 
cod_barras, 
data_vencimento, 
data_emissao, 
beneficiario, 
emissor) 
values (
40, 
1, 
299.90, 
'12345671526', 
'2022-02-20', 
'2022-02-18', 
'Pimpolhos', 
'Bco do Brasil');

insert into boleto (
cod_operacao, 
cod_forma_pagamento, 
valor, 
cod_barras, 
data_vencimento, 
data_emissao, 
beneficiario, 
emissor) 
values (
41, 
1, 
399.90, 
'12345671526', 
'2022-02-10', 
'2022-02-08', 
'Pimpolhos', 
'Bco do Brasil');

insert into boleto (
cod_operacao, 
cod_forma_pagamento, 
valor, 
cod_barras, 
data_vencimento, 
data_emissao, 
beneficiario, 
emissor) 
values (
42, 
1, 
159.90, 
'12345671527', 
'2022-02-22', 
'2022-02-20', 
'Pimpolhos', 
'Bco do Brasil');

insert into boleto (
cod_operacao, 
cod_forma_pagamento, 
valor, 
cod_barras, 
data_vencimento, 
data_emissao, 
beneficiario, 
emissor) 
values (
43, 
1, 
599.90, 
'12345671528', 
'2022-02-24', 
'2022-02-22', 
'Pimpolhos', 
'Bco do Brasil');

insert into boleto (
cod_operacao, 
cod_forma_pagamento, 
valor, 
cod_barras, 
data_vencimento, 
data_emissao, 
beneficiario, 
emissor) 
values (
44, 
1, 
799.90, 
'12345671529', 
'2022-02-25', 
'2022-02-23', 
'Pimpolhos', 
'Bco do Brasil');

insert into boleto (
cod_operacao, 
cod_forma_pagamento, 
valor, 
cod_barras, 
data_vencimento, 
data_emissao, 
beneficiario, 
emissor) 
values (
45, 
1, 
299.90, 
'12345671530', 
'2022-02-26', 
'2022-02-25', 
'Pimpolhos', 
'Bco do Brasil');

insert into boleto (
cod_operacao, 
cod_forma_pagamento, 
valor, 
cod_barras, 
data_vencimento, 
data_emissao, 
beneficiario, 
emissor) 
values (
46, 
1, 
1299.90, 
'12345671531', 
'2022-02-27', 
'2022-02-25', 
'Pimpolhos', 
'Bco do Brasil');

insert into boleto (
cod_operacao, 
cod_forma_pagamento, 
valor, 
cod_barras, 
data_vencimento, 
data_emissao, 
beneficiario, 
emissor) 
values (
47, 
1, 
199.90, 
'12345671532', 
'2022-02-28', 
'2022-02-26', 
'Pimpolhos', 
'Bco do Brasil');

insert into boleto (
cod_operacao, 
cod_forma_pagamento, 
valor, 
cod_barras, 
data_vencimento, 
data_emissao, 
beneficiario, 
emissor) 
values (
48, 
1, 
1199.90, 
'12345671533', 
'2022-03-01', 
'2022-02-27', 
'Pimpolhos', 
'Bco do Brasil');

insert into boleto (
cod_operacao, 
cod_forma_pagamento, 
valor, 
cod_barras, 
data_vencimento, 
data_emissao, 
beneficiario, 
emissor) 
values (
49, 
1, 
1199.90, 
'12345671534', 
'2022-03-02', 
'2022-02-28', 
'Pimpolhos', 
'Bco do Brasil');

-- PIX 
insert into pix (cod_operacao, cod_forma_pagamento, link_qr)
values (50, 2, '83CazSb0LZJ8uhj');
insert into pix (cod_operacao, cod_forma_pagamento, link_qr)
values (51, 2, 'JwiIyykR8oUa3pU');
insert into pix (cod_operacao, cod_forma_pagamento, link_qr)
values (52, 2, 'iWwYioBpsegHdvr');
insert into pix (cod_operacao, cod_forma_pagamento, link_qr)
values (53, 2, 'lwCcuUOrrrxAeIO');
insert into pix (cod_operacao, cod_forma_pagamento, link_qr)
values (54, 2, 'xDWZ62XrfN1553U');
insert into pix (cod_operacao, cod_forma_pagamento, link_qr)
values (55, 2, 'hLFYmo9BSgnKClx');
insert into pix (cod_operacao, cod_forma_pagamento, link_qr)
values (56, 2, 'ZHVA9ydkGXjv6IR');
insert into pix (cod_operacao, cod_forma_pagamento, link_qr)
values (57, 2, '4cVN80J2FEDgS6j');
insert into pix (cod_operacao, cod_forma_pagamento, link_qr)
values (58, 2, 'rzN7XIvTS4DCfcf');
insert into pix (cod_operacao, cod_forma_pagamento, link_qr)
values (59, 2, '2RMGGv0hipiMryb');
insert into pix (cod_operacao, cod_forma_pagamento, link_qr)
values (60, 2, 'IUZ9EWXjvU1Weq8');
insert into pix (cod_operacao, cod_forma_pagamento, link_qr)
values (61, 2, 'Wcm1HymYYQ4tSlo');
insert into pix (cod_operacao, cod_forma_pagamento, link_qr)
values (62, 2, 'n2Fm5BgeKjs5weB');
insert into pix (cod_operacao, cod_forma_pagamento, link_qr)
values (63, 2, 'tYhr4KrCVrrhUs6');
insert into pix (cod_operacao, cod_forma_pagamento, link_qr)
values (64, 2, 'InpgaPagRwjRyrH');
insert into pix (cod_operacao, cod_forma_pagamento, link_qr)
values (65, 2, 'sLh3jjmUH4cINww');
insert into pix (cod_operacao, cod_forma_pagamento, link_qr)
values (66, 2, 'gf9I8lY1lGAvrhg');
insert into pix (cod_operacao, cod_forma_pagamento, link_qr)
values (67, 2, 'cOXBmYlpJsx8BM2');
insert into pix (cod_operacao, cod_forma_pagamento, link_qr)
values (68, 2, '0I1S3amMClDaJFl');
insert into pix (cod_operacao, cod_forma_pagamento, link_qr)
values (69, 2, 'vAuxjpjfsWhN6PJ');


-- STATUS PEDIDO
insert into status_pedido (cod_status, descricao)
values (1, 'Processando pagamento');
insert into status_pedido (cod_status, descricao)
values (2, 'Em separação');
insert into status_pedido (cod_status, descricao)
values (3, 'A caminho');
insert into status_pedido (cod_status, descricao)
values (4, 'Concluído');
insert into status_pedido (cod_status, descricao)
values (5, 'Cancelado');

-- frete
insert into frete (cod_frete , descricao , valor_frete) values (1 , 'Express até 5 dias', 25);
insert into frete (cod_frete , descricao , valor_frete) values (2 , 'Normal até 9 dias', 15.90);

-- tipo_telefone
insert into tipo_telefone (descricao_telefone) values ('tel');
insert into tipo_telefone (descricao_telefone) values ('cel');

-- ENDERECO CLIENTE
insert into endereco_cliente 
(cod_cliente,cod_endereco)
values(1,1);
insert into endereco_cliente 
(cod_cliente,cod_endereco)
values(2,2);
insert into endereco_cliente 
(cod_cliente,cod_endereco)
values(3,3);
insert into endereco_cliente 
(cod_cliente,cod_endereco)
values(4,4);
insert into endereco_cliente 
(cod_cliente,cod_endereco)
values(5,5);
insert into endereco_cliente 
(cod_cliente,cod_endereco)
values(6,6);
insert into endereco_cliente 
(cod_cliente,cod_endereco)
values(7,7);
insert into endereco_cliente 
(cod_cliente,cod_endereco)
values(8,8);
insert into endereco_cliente 
(cod_cliente,cod_endereco)
values(9,9);
insert into endereco_cliente 
(cod_cliente,cod_endereco)
values(10,10);
insert into endereco_cliente 
(cod_cliente,cod_endereco)
values(10,11);


-- NATUREZA OPERACAO
insert into natureza_operacao (cod_natureza_operacao , descricao) values (1 , 'Entrada');
insert into natureza_operacao (cod_natureza_operacao , descricao) values (2 , 'Saida');
insert into natureza_operacao (cod_natureza_operacao , descricao) values (3 , 'Devolução');


-- PESQUISA SATISFACAO
insert into pesquisa_satisfacao (cod_pesquisa, descricao)
values (1, 'Muito satisfeito');
insert into pesquisa_satisfacao (cod_pesquisa, descricao)
values (2, 'Satisfeito');
insert into pesquisa_satisfacao (cod_pesquisa, descricao)
values (3, 'Indiferente');
insert into pesquisa_satisfacao (cod_pesquisa, descricao)
values (4, 'Insatisfeito');
insert into pesquisa_satisfacao (cod_pesquisa, descricao)
values (5, 'Muito insatisfeito');


-- PRODUTOS RELACIONADOS 
insert into produtos_relacionados (cod_produto) values (1);
insert into produtos_relacionados (cod_produto) values (2);
insert into produtos_relacionados (cod_produto) values (3);
insert into produtos_relacionados (cod_produto) values (4);
insert into produtos_relacionados (cod_produto) values (5);
insert into produtos_relacionados (cod_produto) values (6);
insert into produtos_relacionados (cod_produto) values (7);
insert into produtos_relacionados (cod_produto) values (8);
insert into produtos_relacionados (cod_produto) values (9);
insert into produtos_relacionados (cod_produto) values (10);

-- ENDERECO CLIENTE
insert into endereco_cliente 
(cod_cliente,cod_endereco)
values(1,2);

insert into endereco_cliente 
(cod_cliente,cod_endereco)
values(2,3);

insert into endereco_cliente 
(cod_cliente,cod_endereco)
values(3,4);

insert into endereco_cliente 
(cod_cliente,cod_endereco)
values(4,5);

insert into endereco_cliente 
(cod_cliente,cod_endereco)
values(5,6);

insert into endereco_cliente 
(cod_cliente,cod_endereco)
values(6,7);

insert into endereco_cliente 
(cod_cliente,cod_endereco)
values(7,8);

insert into endereco_cliente 
(cod_cliente,cod_endereco)
values(8,9);

insert into endereco_cliente 
(cod_cliente,cod_endereco)
values(9,10);

insert into endereco_cliente 
(cod_cliente,cod_endereco)
values(10,12);

insert into endereco_cliente 
(cod_cliente,cod_endereco)
values(10,1);

-- PEDIDO
insert into pedido (cod_frete, cod_endereco, cod_cliente, cod_status, cod_operacao, cod_forma_pagamento) values (1, 1, 1, 1, 1, 1);
insert into pedido (cod_frete, cod_endereco, cod_cliente, cod_status, cod_operacao, cod_forma_pagamento) values (2, 2, 2, 1, 2, 1);
insert into pedido (cod_frete, cod_endereco, cod_cliente, cod_status, cod_operacao, cod_forma_pagamento) values (1, 3, 3, 2, 3, 2);
insert into pedido (cod_frete, cod_endereco, cod_cliente, cod_status, cod_operacao, cod_forma_pagamento) values (2, 4, 4, 2, 4, 2);
insert into pedido (cod_frete, cod_endereco, cod_cliente, cod_status, cod_operacao, cod_forma_pagamento) values (1, 5, 5, 3, 5, 3);
insert into pedido (cod_frete, cod_endereco, cod_cliente, cod_status, cod_operacao, cod_forma_pagamento) values (2, 6, 6, 3, 6, 3);
insert into pedido (cod_frete, cod_endereco, cod_cliente, cod_status, cod_operacao, cod_forma_pagamento) values (1, 7, 7, 4, 7, 1);
insert into pedido (cod_frete, cod_endereco, cod_cliente, cod_status, cod_operacao, cod_forma_pagamento) values (2, 8, 8, 4, 8, 1);
insert into pedido (cod_frete, cod_endereco, cod_cliente, cod_status, cod_operacao, cod_forma_pagamento) values (1, 9, 9, 5, 9, 2);
insert into pedido (cod_frete, cod_endereco, cod_cliente, cod_status, cod_operacao, cod_forma_pagamento) values (2, 10, 10, 5, 10, 2);


insert into pedido (
cod_frete, 
cod_endereco, 
cod_cliente, 
cod_status, 
cod_operacao, 
cod_forma_pagamento)
values (
1, 
1, 
1, 
3, 
2, 
1);

insert into pedido (
cod_frete, 
cod_endereco, 
cod_cliente, 
cod_status, 
cod_operacao, 
cod_forma_pagamento)
values (
1, 
2, 
2, 
3, 
2, 
2);

insert into pedido (
cod_frete, 
cod_endereco, 
cod_cliente, 
cod_status, 
cod_operacao, 
cod_forma_pagamento)
values (
1, 
3, 
3, 
3, 
2, 
2);

insert into pedido (
cod_frete, 
cod_endereco, 
cod_cliente, 
cod_status, 
cod_operacao, 
cod_forma_pagamento)
values (
1, 
4, 
4, 
3, 
2, 
3);

insert into pedido (
cod_frete, 
cod_endereco, 
cod_cliente, 
cod_status, 
cod_operacao, 
cod_forma_pagamento)
values (
1, 
5, 
5, 
3, 
2, 
2);

insert into pedido (
cod_frete, 
cod_endereco, 
cod_cliente, 
cod_status, 
cod_operacao, 
cod_forma_pagamento)
values (
1, 
6, 
6, 
3, 
2, 
1);

insert into pedido (
cod_frete, 
cod_endereco, 
cod_cliente, 
cod_status, 
cod_operacao, 
cod_forma_pagamento)
values (
1, 
7, 
7, 
3, 
2, 
3);

insert into pedido (
cod_frete, 
cod_endereco, 
cod_cliente, 
cod_status, 
cod_operacao, 
cod_forma_pagamento)
values (
1, 
8, 
8, 
3, 
2, 
1);

insert into pedido (
cod_frete, 
cod_endereco, 
cod_cliente, 
cod_status, 
cod_operacao, 
cod_forma_pagamento)
values (
1, 
9, 
9, 
3, 
2, 
2);

insert into pedido (
cod_frete, 
cod_endereco, 
cod_cliente, 
cod_status, 
cod_operacao, 
cod_forma_pagamento)
values (
1, 
10, 
10, 
3, 
2, 
2);


insert into pedido (cod_frete, cod_endereco, cod_cliente, cod_status, cod_operacao, cod_forma_pagamento)
values (1, 11, 1, 1, 31, 3);
insert into pedido (cod_frete, cod_endereco, cod_cliente, cod_status, cod_operacao, cod_forma_pagamento)
values (1, 12, 2, 1, 32, 3);
insert into pedido (cod_frete, cod_endereco, cod_cliente, cod_status, cod_operacao, cod_forma_pagamento)
values (2, 1, 3, 2, 33, 3);
insert into pedido (cod_frete, cod_endereco, cod_cliente, cod_status, cod_operacao, cod_forma_pagamento)
values (1, 4, 4, 5, 34, 3);
insert into pedido (cod_frete, cod_endereco, cod_cliente, cod_status, cod_operacao, cod_forma_pagamento)
values (1, 5, 5, 4, 35, 3);
insert into pedido (cod_frete, cod_endereco, cod_cliente, cod_status, cod_operacao, cod_forma_pagamento)
values (1, 6, 6, 4, 36, 3);
insert into pedido (cod_frete, cod_endereco, cod_cliente, cod_status, cod_operacao, cod_forma_pagamento)
values (2, 7, 7, 4, 37, 3);
insert into pedido (cod_frete, cod_endereco, cod_cliente, cod_status, cod_operacao, cod_forma_pagamento)
values (2, 8, 8, 2, 38, 3);
insert into pedido (cod_frete, cod_endereco, cod_cliente, cod_status, cod_operacao, cod_forma_pagamento)
values (1, 9, 9, 1, 39, 3);
insert into pedido (cod_frete, cod_endereco, cod_cliente, cod_status, cod_operacao, cod_forma_pagamento)
values (2, 2, 10, 3, 40, 3);


-- DESTAQUES
insert into destaques (cod_destaques, cod_pedido) values (1, 2);
insert into destaques (cod_destaques, cod_pedido) values (2, 3);
insert into destaques (cod_destaques, cod_pedido) values (3, 4);
insert into destaques (cod_destaques, cod_pedido) values (4, 5);
insert into destaques (cod_destaques, cod_pedido) values (5, 6);
insert into destaques (cod_destaques, cod_pedido) values (6, 7);
insert into destaques (cod_destaques, cod_pedido) values (8, 9);
insert into destaques (cod_destaques, cod_pedido) values (10, 11);
insert into destaques (cod_destaques, cod_pedido) values (12, 13);
insert into destaques (cod_destaques, cod_pedido) values (13, 14);
insert into destaques (cod_destaques, cod_pedido) values (14, 15);

-- PEDIDO AVALIACAO
insert into pedido_avaliacao (cod_pedido, cod_pesquisa, mensagem_avaliativa, imagem_avaliacao) values (1, 2, 'Bebê muito pesado', 'img1');
insert into pedido_avaliacao (cod_pedido, cod_pesquisa, mensagem_avaliativa, imagem_avaliacao) values (2, 3, 'Amei o produto, de alta qualidade', 'img2');
insert into pedido_avaliacao (cod_pedido, cod_pesquisa, mensagem_avaliativa, imagem_avaliacao) values (3, 4, 'Amei, compraria de novo, minha filha amou', 'img3');
insert into pedido_avaliacao (cod_pedido, cod_pesquisa, mensagem_avaliativa, imagem_avaliacao) values (4, 3, 'Ótimo atendimento, entregaram antes do prazo', 'img4');
insert into pedido_avaliacao (cod_pedido, cod_pesquisa, mensagem_avaliativa, imagem_avaliacao) values (5, 4, 'Minha filha não desgruda da boneca, amei', 'img5');
insert into pedido_avaliacao (cod_pedido, cod_pesquisa, mensagem_avaliativa, imagem_avaliacao) values (6, 3, 'Com certeza comprarei de novo', 'img6');
insert into pedido_avaliacao (cod_pedido, cod_pesquisa, mensagem_avaliativa, imagem_avaliacao) values (7, 3, 'Chegou antes do previsto, comprarei novamente', 'img7');
insert into pedido_avaliacao (cod_pedido, cod_pesquisa, mensagem_avaliativa, imagem_avaliacao) values (8, 3, 'Boneca linda e ótima qualidade', 'img8');
insert into pedido_avaliacao (cod_pedido, cod_pesquisa, mensagem_avaliativa, imagem_avaliacao) values (9, 4, 'Adorei o atendimento', 'img9');
insert into pedido_avaliacao (cod_pedido, cod_pesquisa, mensagem_avaliativa, imagem_avaliacao) values (10, 3, 'Preço justo e produto de qualidade, amei ', 'img10');

-- FAVORITOS
insert into favoritos (cod_cliente, cod_produto)
values (1, 10);
insert into favoritos (cod_cliente, cod_produto)
values (2, 9);
insert into favoritos (cod_cliente, cod_produto)
values (3, 8);
insert into favoritos (cod_cliente, cod_produto)
values (4, 7);
insert into favoritos (cod_cliente, cod_produto)
values (5, 6);
insert into favoritos (cod_cliente, cod_produto)
values (6, 5);
insert into favoritos (cod_cliente, cod_produto)
values (7, 4);
insert into favoritos (cod_cliente, cod_produto)
values (8, 3);
insert into favoritos (cod_cliente, cod_produto)
values (9, 2);
insert into favoritos (cod_cliente, cod_produto)
values (10, 1);

-- TELEFONE
insert into telefone
(ddd,numero_telefone ,cod_tipoTelefone)
values(85,988765382,2);

insert into telefone
(ddd,numero_telefone ,cod_tipoTelefone)
values(11,36863559,1);

insert into telefone
(ddd,numero_telefone ,cod_tipoTelefone)
values(83,39899368,1);

insert into telefone
(ddd,numero_telefone ,cod_tipoTelefone)
values(11,987113914,2);

insert into telefone
(ddd,numero_telefone ,cod_tipoTelefone)
values(11,987113913,2);

insert into telefone
(ddd,numero_telefone ,cod_tipoTelefone)
values(45,984622644,2);

insert into telefone
(ddd,numero_telefone ,cod_tipoTelefone)
values(19,982509100,2);

insert into telefone
(ddd,numero_telefone ,cod_tipoTelefone)
values(67,998515635,2);

insert into telefone
(ddd,numero_telefone ,cod_tipoTelefone)
values(44,999908146,2);

insert into telefone
(ddd,numero_telefone ,cod_tipoTelefone)
values(97,993969148,2);

-- TELEFONE CLIENTE
insert into cliente_telefone (cod_cliente, cod_telefone)
values (1, 10);
insert into cliente_telefone (cod_cliente, cod_telefone)
values (2, 9);
insert into cliente_telefone (cod_cliente, cod_telefone)
values (3, 8);
insert into cliente_telefone (cod_cliente, cod_telefone)
values (4, 7);
insert into cliente_telefone (cod_cliente, cod_telefone)
values (5, 6);
insert into cliente_telefone (cod_cliente, cod_telefone)
values (6, 5);
insert into cliente_telefone (cod_cliente, cod_telefone)
values (7, 4);
insert into cliente_telefone (cod_cliente, cod_telefone)
values (8, 3);
insert into cliente_telefone (cod_cliente, cod_telefone)
values (9, 2);
insert into cliente_telefone (cod_cliente, cod_telefone)
values (10, 1);

-- ITEM NOTA
insert into item_nf (cod_produto, cod_item_nota, valor_unitario, valor_total, quantidade, valor_icms_item) values (1, 1, 549.00, 549.00, 1, 38.43);
insert into item_nf (cod_produto, cod_item_nota, valor_unitario, valor_total, quantidade, valor_icms_item) values (2, 1, 659.00, 659.00, 1, 46.13);
insert into item_nf (cod_produto, cod_item_nota, valor_unitario, valor_total, quantidade, valor_icms_item) values (3, 2, 79.00, 79.00, 1, 5.53);
insert into item_nf (cod_produto, cod_item_nota, valor_unitario, valor_total, quantidade, valor_icms_item) values (4, 3, 699.90, 699.90, 1, 48.93);
insert into item_nf (cod_produto, cod_item_nota, valor_unitario, valor_total, quantidade, valor_icms_item) values (5, 4, 350.90, 350.90, 1, 24.56);
insert into item_nf (cod_produto, cod_item_nota, valor_unitario, valor_total, quantidade, valor_icms_item) values (6, 5, 49.90, 49.90, 1, 3.49);
insert into item_nf (cod_produto, cod_item_nota, valor_unitario, valor_total, quantidade, valor_icms_item) values (7, 6, 499.90, 499.90, 1, 34.93);
insert into item_nf (cod_produto, cod_item_nota, valor_unitario, valor_total, quantidade, valor_icms_item) values (8, 7, 299.90, 299.90, 1, 20.93);
insert into item_nf (cod_produto, cod_item_nota, valor_unitario, valor_total, quantidade, valor_icms_item) values (9, 8, 39.90, 39.90, 1, 2.73);
insert into item_nf (cod_produto, cod_item_nota, valor_unitario, valor_total, quantidade, valor_icms_item) values (10, 9, 459.00, 459.00, 1, 32.13);

insert into item_nf (cod_produto, cod_item_nota, valor_unitario, valor_total, quantidade, valor_icms_item)
values (11, 32, 549.00, 549.00, 1, 39.40);
insert into item_nf (cod_produto, cod_item_nota, valor_unitario, valor_total, quantidade, valor_icms_item)
values (12, 33, 649.00, 349.00, 2, 49.40);
insert into item_nf (cod_produto, cod_item_nota, valor_unitario, valor_total, quantidade, valor_icms_item)
values (13, 34, 249.00, 249.00, 1, 19.90);
insert into item_nf (cod_produto, cod_item_nota, valor_unitario, valor_total, quantidade, valor_icms_item)
values (14, 35, 449.00, 449.00, 1, 29.40);
insert into item_nf (cod_produto, cod_item_nota, valor_unitario, valor_total, quantidade, valor_icms_item)
values (15, 36, 349.00, 1049.00, 3, 83.90);
insert into item_nf (cod_produto, cod_item_nota, valor_unitario, valor_total, quantidade, valor_icms_item)
values (16, 37, 549.00, 549.00, 1, 39.40);
insert into item_nf (cod_produto, cod_item_nota, valor_unitario, valor_total, quantidade, valor_icms_item)
values (17, 38, 149.00, 149.00, 1, 11.90);
insert into item_nf (cod_produto, cod_item_nota, valor_unitario, valor_total, quantidade, valor_icms_item)
values (18, 39, 49.00, 49.00, 1, 3.99);
insert into item_nf (cod_produto, cod_item_nota, valor_unitario, valor_total, quantidade, valor_icms_item)
values (19, 40, 449.00, 449.00, 1, 35.90);
insert into item_nf (cod_produto, cod_item_nota, valor_unitario, valor_total, quantidade, valor_icms_item)
values (20, 42, 349.00, 349.00, 1, 27.90);
insert into item_nf (cod_produto, cod_item_nota, valor_unitario, valor_total, quantidade, valor_icms_item)
values (21, 44, 649.00, 649.00, 1, 51.99);

insert into item_nf (cod_produto, cod_item_nota, valor_unitario, valor_total, quantidade, valor_icms_item)
values (22, 30, 359.99, 359.99, 1, 25.19);
insert into item_nf (cod_produto, cod_item_nota, valor_unitario, valor_total, quantidade, valor_icms_item)
values (23, 31, 359.99, 399.99, 1, 27.99);
insert into item_nf (cod_produto, cod_item_nota, valor_unitario, valor_total, quantidade, valor_icms_item)
values (24, 32, 890.99, 890.99, 1, 62.36);

-- NOTA FISCAL
insert into nf_e (
cod_pedido,
numero_nf,
chave_acesso,
data_emissao,
valor_total_nf,
valor_total_produtos,
coo_nota,
valor_frete,
inscricao_estadual,
valor_icms_total,
cod_produto,
cod_item_nota,
cod_natureza_operacao,
cnpj_pimpolhos,
razao_social
) 
values 
(11,
5446789923, 
'1564864231984531896123189453418642318635186', 
'2022-01-02', 
549.00, 
549.00, 
000001, 
0.00, 
'329.101.800.774', 
38.43, 
1, 
1, 
2, 
'83986043000115',
'Pimpolhos');
insert into nf_e (
cod_pedido,
numero_nf,
chave_acesso,
data_emissao,
valor_total_nf,
valor_total_produtos,
coo_nota,
valor_frete,
inscricao_estadual,
valor_icms_total,
cod_produto,
cod_item_nota,
cod_natureza_operacao,
cnpj_pimpolhos,
razao_social
) 
values 
(12,
5446789924, 
'4561164231984531896123189455648642318635186', 
'2022-02-02', 
659.00, 
659.00, 
000002, 
0.00, 
'105.906.899.690', 
46.13, 
2, 
2, 
2, 
'83986043000115',
'Pimpolhos');
insert into nf_e (
cod_pedido,
numero_nf,
chave_acesso,
data_emissao,
valor_total_nf,
valor_total_produtos,
coo_nota,
valor_frete,
inscricao_estadual,
valor_icms_total,
cod_produto,
cod_item_nota,
cod_natureza_operacao,
cnpj_pimpolhos,
razao_social
) 
values 
(13,
5446789925, 
'4564864231984531896123189453446642318635186', 
'2022-01-03', 
94.90, 
79.00, 
000003, 
15.90, 
'370.851.590.069', 
5.53, 
3, 
3, 
2, 
'83986043000115',
'Pimpolhos');
insert into nf_e (
cod_pedido,
numero_nf,
chave_acesso,
data_emissao,
valor_total_nf,
valor_total_produtos,
coo_nota,
valor_frete,
inscricao_estadual,
valor_icms_total,
cod_produto,
cod_item_nota,
cod_natureza_operacao,
cnpj_pimpolhos,
razao_social
) 
values 
(14,
5446789926, 
'5864864231984531896124569453418642318635186', 
'2022-01-10', 
699.90, 
699.90, 
000004, 
0.00, 
'378.295.571.942', 
48.93, 
4, 
4, 
2, 
'83986043000115',
'Pimpolhos');
insert into nf_e (
cod_pedido,
numero_nf,
chave_acesso,
data_emissao,
valor_total_nf,
valor_total_produtos,
coo_nota,
valor_frete,
inscricao_estadual,
valor_icms_total,
cod_produto,
cod_item_nota,
cod_natureza_operacao,
cnpj_pimpolhos,
razao_social
) 
values 
(15,
5446789927, 
'1564864231984531894654589453418642318635186', 
'2022-01-11', 
366.80, 
350.90, 
000005, 
15.90, 
'411.832.734.824', 
24.56, 
5, 
5, 
2, 
'83986043000115',
'Pimpolhos');
insert into nf_e (
cod_pedido,
numero_nf,
chave_acesso,
data_emissao,
valor_total_nf,
valor_total_produtos,
coo_nota,
valor_frete,
inscricao_estadual,
valor_icms_total,
cod_produto,
cod_item_nota,
cod_natureza_operacao,
cnpj_pimpolhos,
razao_social
) 
values 
(16,
5446789928, 
'8642319845318961234594534585518642318635186', 
'2022-01-12', 
65.80, 
49.90, 
000006, 
15.90, 
'641.295.775.807', 
3.49, 
6, 
6, 
2, 
'83986043000115',
'Pimpolhos');
insert into nf_e (
cod_pedido,
numero_nf,
chave_acesso,
data_emissao,
valor_total_nf,
valor_total_produtos,
coo_nota,
valor_frete,
inscricao_estadual,
valor_icms_total,
cod_produto,
cod_item_nota,
cod_natureza_operacao,
cnpj_pimpolhos,
razao_social
) 
values 
(17,
5446789929, 
'1564864231984531896123143215341864231863516', 
'2022-01-13', 
515.80, 
499.90, 
000007, 
15.90, 
'528.168.727.791', 
34.93, 
7, 
7, 
2, 
'83986043000115',
'Pimpolhos');
insert into nf_e (
cod_pedido,
numero_nf,
chave_acesso,
data_emissao,
valor_total_nf,
valor_total_produtos,
coo_nota,
valor_frete,
inscricao_estadual,
valor_icms_total,
cod_produto,
cod_item_nota,
cod_natureza_operacao,
cnpj_pimpolhos,
razao_social
) 
values 
(18,
5446789930, 
'1564864231984531896123189453418642318563518', 
'2022-01-14', 
315.80, 
299.90, 
000008, 
15.90, 
'298.579.858.126', 
20.93, 
8, 
8, 
2, 
'83986043000115',
'Pimpolhos');
insert into nf_e (
cod_pedido,
numero_nf,
chave_acesso,
data_emissao,
valor_total_nf,
valor_total_produtos,
coo_nota,
valor_frete,
inscricao_estadual,
valor_icms_total,
cod_produto,
cod_item_nota,
cod_natureza_operacao,
cnpj_pimpolhos,
razao_social
) 
values 
(19,
5446789931, 
'1564864231984544896123189453418642318563518', 
'2022-01-15', 
64.90, 
39.90, 
000009, 
25.00, 
'744.845.698.695', 
2.73, 
9, 
9, 
2, 
'83986043000115',
'Pimpolhos');

insert into nf_e (
cod_pedido,
numero_nf,
chave_acesso,
data_emissao,
valor_total_nf,
valor_total_produtos,
coo_nota,
valor_frete,
inscricao_estadual,
valor_icms_total,
cod_produto,
cod_item_nota,
cod_natureza_operacao,
cnpj_pimpolhos,
razao_social
)
values 
(1,
1046789935, 
'8642319845318961931242489453418642318563518', 
'2021-11-10', 
599.90, 
599.90, 
000020, 
0.00, 
'675.494.070.942', 
47.99, 
2, 
1, 
2, 
'83986043000115',
'Pimpolhos');

insert into nf_e (
cod_pedido,
numero_nf,
chave_acesso,
data_emissao,
valor_total_nf,
valor_total_produtos,
coo_nota,
valor_frete,
inscricao_estadual,
valor_icms_total,
cod_produto,
cod_item_nota,
cod_natureza_operacao,
cnpj_pimpolhos,
razao_social
) 
values 
(2,
1046789936, 
'8642319845318961231942489453418642318563518', 
'2021-11-11', 
299.90, 
299.90, 
000021, 
25.00, 
'675.494.070.942', 
24.00, 
3, 
2, 
2, 
'83986043000115',
'Pimpolhos');

insert into nf_e (
cod_pedido,
numero_nf,
chave_acesso,
data_emissao,
valor_total_nf,
valor_total_produtos,
coo_nota,
valor_frete,
inscricao_estadual,
valor_icms_total,
cod_produto,
cod_item_nota,
cod_natureza_operacao,
cnpj_pimpolhos,
razao_social
) 
values 
(2,
1046789936, 
'8642319845318961231242489953418642318563518', 
'2021-11-12', 
799.90, 
799.90, 
000021, 
0.00, 
'675.494.070.942', 
29.00, 
3, 
3, 
2, 
'83986043000115',
'Pimpolhos');

insert into nf_e (
cod_pedido,
numero_nf,
chave_acesso,
data_emissao,
valor_total_nf,
valor_total_produtos,
coo_nota,
valor_frete,
inscricao_estadual,
valor_icms_total,
cod_produto,
cod_item_nota,
cod_natureza_operacao,
cnpj_pimpolhos,
razao_social
)
values 
(3,
1046789937, 
'8642319845318961231242489453418642818563518', 
'2021-11-12', 
799.90, 
799.90, 
000022, 
0.00, 
'675.494.070.942', 
29.00, 
4, 
4, 
2, 
'83986043000115',
'Pimpolhos');

insert into nf_e (
cod_pedido,
numero_nf,
chave_acesso,
data_emissao,
valor_total_nf,
valor_total_produtos,
coo_nota,
valor_frete,
inscricao_estadual,
valor_icms_total,
cod_produto,
cod_item_nota,
cod_natureza_operacao,
cnpj_pimpolhos,
razao_social
) 
values 
(4,
1046789938, 
'8642319845318961231242489453418642818563518', 
'2021-11-13', 
899.90, 
899.90, 
000023, 
0.00, 
'675.494.070.942', 
71.00, 
5, 
5, 
2, 
'83986043000115',
'Pimpolhos');

insert into nf_e (
cod_pedido,
numero_nf,
chave_acesso,
data_emissao,
valor_total_nf,
valor_total_produtos,
coo_nota,
valor_frete,
inscricao_estadual,
valor_icms_total,
cod_produto,
cod_item_nota,
cod_natureza_operacao,
cnpj_pimpolhos,
razao_social
) 
values 
(4,
1046789939, 
'8642319845318961231242489455818642318563518', 
'2021-11-14', 
1099.90, 
1099.90, 
000024, 
0.00, 
'675.494.070.942', 
87.90, 
6, 
6, 
2, 
'83986043000115',
'Pimpolhos');

insert into nf_e (
cod_pedido,
numero_nf,
chave_acesso,
data_emissao,
valor_total_nf,
valor_total_produtos,
coo_nota,
valor_frete,
inscricao_estadual,
valor_icms_total,
cod_produto,
cod_item_nota,
cod_natureza_operacao,
cnpj_pimpolhos,
razao_social
) 
values 
(5,
1046789940, 
'8642319845318961231242489853418642318563518', 
'2021-11-15', 
299.90, 
299.90, 
000025, 
0.00, 
'675.494.070.942', 
23.90, 
7, 
7, 
2, 
'83986043000115',
'Pimpolhos');

insert into nf_e (
cod_pedido,
numero_nf,
chave_acesso,
data_emissao,
valor_total_nf,
valor_total_produtos,
coo_nota,
valor_frete,
inscricao_estadual,
valor_icms_total,
cod_produto,
cod_item_nota,
cod_natureza_operacao,
cnpj_pimpolhos,
razao_social
) 
values 
(6,
1046789941, 
'8642319845318961231262489453418642318563518', 
'2021-11-16', 
499.90, 
499.90, 
000026, 
0.00, 
'675.494.070.942', 
39.90, 
8, 
8, 
2, 
'83986043000115',
'Pimpolhos');

insert into nf_e (
cod_pedido,
numero_nf,
chave_acesso,
data_emissao,
valor_total_nf,
valor_total_produtos,
coo_nota,
valor_frete,
inscricao_estadual,
valor_icms_total,
cod_produto,
cod_item_nota,
cod_natureza_operacao,
cnpj_pimpolhos,
razao_social
) 
values
(7,
1046789942, 
'8642319845318961231242489443418642318563518', 
'2021-11-17', 
499.90, 
499.90, 
000027, 
0.00, 
'675.494.070.942', 
39.90, 
9, 
9, 
2, 
'83986043000115',
'Pimpolhos');

